depth,color_id,lower,median,upper,pred_year
0,0,-14.1342979593814,-0.6883201409250045,12.704211455059806,2020
5.25,0,7.817314244839666,20.65771866328012,34.520181398546484,2000
9.5,1,28.750780895730973,41.555821048000645,54.88267883252753,1970
10.25,1,32.47278643719253,45.529521227540755,58.28695068976431,1970
13,1,48.17972354178485,60.778948624549656,73.65729717871935,1960
14.25,1,55.187067117383194,68.89660981169197,82.49713120016102,1950
15,1,60.40942765332609,73.50906785347362,86.1136771104602,1940
15.25,1,61.282580146036935,75.05067901649254,88.12127768739819,1940
16.75,1,71.1831382036172,84.738049785159,98.59396791026668,1930
